{
	"frames": {
		"pacman_1.png": {
			"frame": {
				"x": 1,
				"y": 1,
				"w": 26,
				"h": 26
			},
			"rotated": false,
			"trimmed": false,
			"spriteSourceSize": {
				"x": 0,
				"y": 0,
				"w": 26,
				"h": 26
			},
			"sourceSize": {
				"w": 26,
				"h": 26
			}
		},
		"pacman_2.png": {
			"frame": {
				"x": 29,
				"y": 1,
				"w": 26,
				"h": 26
			},
			"rotated": false,
			"trimmed": false,
			"spriteSourceSize": {
				"x": 0,
				"y": 0,
				"w": 26,
				"h": 26
			},
			"sourceSize": {
				"w": 26,
				"h": 26
			}
		},
		"pacman_3.png": {
			"frame": {
				"x": 57,
				"y": 1,
				"w": 26,
				"h": 26
			},
			"rotated": false,
			"trimmed": false,
			"spriteSourceSize": {
				"x": 0,
				"y": 0,
				"w": 26,
				"h": 26
			},
			"sourceSize": {
				"w": 26,
				"h": 26
			}
		},
		"pacman_die_1.png": {
			"frame": {
				"x": 1,
				"y": 29,
				"w": 32,
				"h": 32
			},
			"rotated": false,
			"trimmed": false,
			"spriteSourceSize": {
				"x": 0,
				"y": 0,
				"w": 32,
				"h": 32
			},
			"sourceSize": {
				"w": 32,
				"h": 32
			}
		},
		"pacman_die_2.png": {
			"frame": {
				"x": 35,
				"y": 29,
				"w": 32,
				"h": 32
			},
			"rotated": false,
			"trimmed": false,
			"spriteSourceSize": {
				"x": 0,
				"y": 0,
				"w": 32,
				"h": 32
			},
			"sourceSize": {
				"w": 32,
				"h": 32
			}
		},
		"pacman_die_3.png": {
			"frame": {
				"x": 69,
				"y": 29,
				"w": 32,
				"h": 32
			},
			"rotated": false,
			"trimmed": false,
			"spriteSourceSize": {
				"x": 0,
				"y": 0,
				"w": 32,
				"h": 32
			},
			"sourceSize": {
				"w": 32,
				"h": 32
			}
		},
		"pacman_die_4.png": {
			"frame": {
				"x": 1,
				"y": 63,
				"w": 32,
				"h": 32
			},
			"rotated": false,
			"trimmed": false,
			"spriteSourceSize": {
				"x": 0,
				"y": 0,
				"w": 32,
				"h": 32
			},
			"sourceSize": {
				"w": 32,
				"h": 32
			}
		},
		"pacman_die_5.png": {
			"frame": {
				"x": 35,
				"y": 63,
				"w": 32,
				"h": 32
			},
			"rotated": false,
			"trimmed": false,
			"spriteSourceSize": {
				"x": 0,
				"y": 0,
				"w": 32,
				"h": 32
			},
			"sourceSize": {
				"w": 32,
				"h": 32
			}
		},
		"pacman_die_6.png": {
			"frame": {
				"x": 69,
				"y": 63,
				"w": 32,
				"h": 32
			},
			"rotated": false,
			"trimmed": false,
			"spriteSourceSize": {
				"x": 0,
				"y": 0,
				"w": 32,
				"h": 32
			},
			"sourceSize": {
				"w": 32,
				"h": 32
			}
		},
		"pacman_die_7.png": {
			"frame": {
				"x": 103,
				"y": 1,
				"w": 32,
				"h": 32
			},
			"rotated": false,
			"trimmed": false,
			"spriteSourceSize": {
				"x": 0,
				"y": 0,
				"w": 32,
				"h": 32
			},
			"sourceSize": {
				"w": 32,
				"h": 32
			}
		},
		"pacman_die_8.png": {
			"frame": {
				"x": 103,
				"y": 35,
				"w": 32,
				"h": 32
			},
			"rotated": false,
			"trimmed": false,
			"spriteSourceSize": {
				"x": 0,
				"y": 0,
				"w": 32,
				"h": 32
			},
			"sourceSize": {
				"w": 32,
				"h": 32
			}
		}
	},
	"meta": {
		"app": "http://www.codeandweb.com/texturepacker",
		"version": "1.0",
		"image": "spritesheet.png",
		"format": "RGBA8888",
		"size": {
			"w": 136,
			"h": 96
		},
		"scale": "1"
	}
}