{
	"frames": {
		"inky1.png": {
			"frame": {
				"x": 1,
				"y": 1,
				"w": 28,
				"h": 28
			},
			"rotated": false,
			"trimmed": false,
			"spriteSourceSize": {
				"x": 0,
				"y": 0,
				"w": 28,
				"h": 28
			},
			"sourceSize": {
				"w": 28,
				"h": 28
			}
		},
		"inky2.png": {
			"frame": {
				"x": 31,
				"y": 1,
				"w": 28,
				"h": 28
			},
			"rotated": false,
			"trimmed": false,
			"spriteSourceSize": {
				"x": 0,
				"y": 0,
				"w": 28,
				"h": 28
			},
			"sourceSize": {
				"w": 28,
				"h": 28
			}
		},
		"inky3.png": {
			"frame": {
				"x": 1,
				"y": 31,
				"w": 28,
				"h": 28
			},
			"rotated": false,
			"trimmed": false,
			"spriteSourceSize": {
				"x": 0,
				"y": 0,
				"w": 28,
				"h": 28
			},
			"sourceSize": {
				"w": 28,
				"h": 28
			}
		},
		"inky4.png": {
			"frame": {
				"x": 31,
				"y": 31,
				"w": 28,
				"h": 28
			},
			"rotated": false,
			"trimmed": false,
			"spriteSourceSize": {
				"x": 0,
				"y": 0,
				"w": 28,
				"h": 28
			},
			"sourceSize": {
				"w": 28,
				"h": 28
			}
		}
	},
	"meta": {
		"app": "http://www.codeandweb.com/texturepacker",
		"version": "1.0",
		"image": "spritesheet.png",
		"format": "RGBA8888",
		"size": {
			"w": 60,
			"h": 60
		},
		"scale": "1"
	}
}